{
  "assetsByChunkName": {
    "vendors~app-account~app-checkout~app-confirmation~app-order": "chunk.572da5fd9614682df2a7.js",
    "vendors~app-account~app-confirmation~app-order": "chunk.9bdbdb2cd06a7807215b.js",
    "vendors~app-account~app-checkout": "chunk.209a391f99ffca9fd6d2.js",
    "vendors~app-cart~app-checkout": "chunk.7744bfc6c6737b18a430.js",
    "admin": [
      "admin.90a4c066258574284be8.js",
      "admin.90a4c066258574284be8.js.map"
    ],
    "app-account": "chunk.269bd7e3f9e58014ffc4.js",
    "app-checkout": "chunk.aa70aaefc716e5e943a7.js",
    "app-confirmation": "chunk.f1ce36f46acf230c8ba8.js",
    "app-order": "chunk.aafaae60e637ff15834d.js",
    "checkout": [
      "checkout.a0c0bc7628386213baf7.js",
      "checkout.a0c0bc7628386213baf7.js.map"
    ],
    "storefront": [
      "storefront.39af8a45a012a9d08cc9.css",
      "storefront.ba2894986660f4af1883.js",
      "storefront.39af8a45a012a9d08cc9.css.map",
      "storefront.ba2894986660f4af1883.js.map"
    ],
    "vendors~app-cart": "chunk.6520338205e1495515c5.js"
  }
}