{
  "description": {
    "title": "SOLANY MARTINS",
    "text": "É mais que uma empresa , É mais que uma marca , Resume o estilo de mulheres fortes , que se conectam e se tornam amigas através de um atendimento recheado de carinho e muito amor"
  },
  "links_1": {
    "list_pages": true,
    "title": "Páginas",
    "list": []
  },
  "links_2": {
    "list_categories": true,
    "title": "Categorias",
    "list": []
  },
  "contacts": {
    "title": "Contatos",
    "phone_wpp": true,
    "socials": true,
    "email": true,
    "address": true
  },
  "stamps": [
    {
      "src": "/img/uploads/ssl-safe.png",
      "alt": "Secure connection"
    }
  ],
  "payment_methods": {
    "bb": true,
    "visa": true,
    "boleto": true,
    "aura": false,
    "banrisul": false,
    "elo": true,
    "hipercard": false,
    "hsbc": false,
    "bradesco": true,
    "santander": false,
    "mastercard": true,
    "citibank": false,
    "mais": false,
    "itau": true
  },
  "credits": "SAMUEL MARTINS SOARES EIRELE - CNPJ 32.982.783/0001-42"
}