{
  "meta_title": "",
  "meta_description": "",
  "sections": [
    {
      "type": "banner-slider",
      "autoplay": 9000,
      "slides": [
        {
          "start": "2021-07-06T15:29:53.356Z",
          "end": "2021-09-22T15:30:07.797Z",
          "img": "/img/uploads/site-1.png",
          "mobile_img": "/img/uploads/mobile-1.png"
        },
        {
          "start": "2021-07-06T15:31:18.663Z",
          "end": "2021-09-22T15:15:30.156Z",
          "img": "/img/uploads/solany-site.png",
          "mobile_img": "/img/uploads/mobile-2.png"
        }
      ]
    },
    {
      "type": "collection-shelf",
      "shuffle": true,
      "collection_id": null,
      "title": "Mais Vendidos",
      "sort": "sales"
    },
    {
      "type": "collection-shelf",
      "shuffle": true,
      "collection_id": null,
      "title": "LANÇAMENTOS",
      "sort": "news",
      "link": "/lancamentos"
    },
    {
      "type": "collection-shelf",
      "shuffle": true,
      "collection_id": "5f1f03f3e13b0242bdc57b67",
      "link": "",
      "sort": "offers",
      "title": "Promoções Especiais."
    }
  ]
}